"","Host.species","Host.common.name","Parasite.species","Parasite.genus","Parasite.group","Typical.host","Host.no","Site","Host.habitat","Vert.group","Facultative","source"
"1","Homo_sapiens","man","Abbreviata caucasica","Abbreviata","nematode","atypical",2,"stomach","terrestrial","mammal","no","Banesh"
"2","Homo_sapiens","humans","Angiostrongylus cantonensis","Angiostrongylus","nematode","atypical",3,"heart; pulmonary arteries","terrestrial","mammal","no","Banesh"
"3","Homo_sapiens","humans","Angiostrongylus costaricensis","Angiostrongylus","nematode","atypical",2,"mesenteric arteries","terrestrial","mammal","no","Banesh"
"4","Homo_sapiens","man","Ascaris lumbricoides","Ascaris","nematode","typical",1,"gut","terrestrial","mammal","no","Banesh"
"5","Homo_sapiens","man","Ascaris suum","Ascaris","nematode","atypical",1,"gut","terrestrial","mammal","no","Banesh"
"6","Homo_sapiens","human","Bertiella mucronata","Bertiella","cestode","atypical",2,"gut","terrestrial","mammal","no","Banesh"
"7","Homo_sapiens","human","Bertiella studeri","Bertiella","cestode","atypical",2,"gut","terrestrial","mammal","no","Banesh"
"8","Homo_sapiens","man","Dioctophyma renale","Dioctophyma","nematode","atypical",3,"kidneys","terrestrial","mammal","no","Banesh"
"9","Homo_sapiens","man","Diphyllobothrium dendriticum","Diphyllobothrium","cestode","atypical",4,"gut","terrestrial","mammal","no","Banesh"
"10","Homo_sapiens","man","Diphyllobothrium latum","Diphyllobothrium","cestode","typical",4,"gut","terrestrial","mammal","no","Banesh"
"11","Homo_sapiens","man","Diphyllobothrium nihonkaiense","Diphyllobothrium","cestode","typical",4,"gut","terrestrial","mammal","no","Banesh"
"12","Homo_sapiens","man","Diplogonoporus balaenopterae","Diplogonoporus","cestode","atypical",3,"gut","terrestrial","mammal","no","Banesh"
"13","Homo_sapiens","man","Dracunculus medinensis","Dracunculus","nematode","typical",2,"subcutaneous","terrestrial","mammal","no","Banesh"
"14","Homo_sapiens","man","Enterobius vermicularis","Enterobius","nematode","typical",1,"gut","terrestrial","mammal","no","Banesh"
"15","Homo_sapiens","man","Gongylonema pulchrum","Gongylonema","nematode","atypical",2,"mucosa of mouth; tongue; esophagus","terrestrial","mammal","no","Banesh"
"16","Homo_sapiens","man","Hymenolepis nana","Hymenolepis","cestode","atypical",2,"gut","terrestrial","mammal","no","Banesh"
"17","Homo_sapiens","man","Lagochilascaris minor","Lagochilascaris","nematode","atypical",2,"larynx; pharynx","terrestrial","mammal","no","Banesh"
"18","Homo_sapiens","man","Metastrongylus apri","Metastrongylus","nematode","atypical",2,"lungs","terrestrial","mammal","no","Banesh"
"19","Homo_sapiens","man","Oesophagostomum bifurcum","Oesophagostomum","nematode","typical",1,"gut","terrestrial","mammal","no","Banesh"
"20","Homo_sapiens","humans","Paracapillaria philippinensis","Paracapillaria","nematode","atypical",2,"gut","terrestrial","mammal","no","Banesh"
"21","Homo_sapiens","man","Taenia asiatica","Taenia","cestode","typical",2,"gut","terrestrial","mammal","no","Banesh"
"22","Homo_sapiens","man","Taenia saginata","Taenia","cestode","typical",2,"gut","terrestrial","mammal","no","Banesh"
"23","Homo_sapiens","man","Taenia solium","Taenia","cestode","typical",2,"gut","terrestrial","mammal","no","Banesh"
"24","Homo_sapiens","man","Trichuris suis","Trichuris","nematode","typical",1,"gut","terrestrial","mammal","no","Banesh"
"25","Homo_sapiens","man","Trichuris trichiura","Trichuris","nematode","typical",1,"gut","terrestrial","mammal","no","Banesh"
"26","Homo_sapiens","man","Trichuris vulpis","Trichuris","nematode","atypical",1,"gut","terrestrial","mammal","no","Banesh"
"27","Cyprinus_carpio","carp","Acanthocephalus dirus","Acanthocephalus","acanthocephalan","atypical",2,"gut","freshwater","fish","no","Banesh"
"28","Cyprinus_carpio","carp","Archigetes iowensis","Archigetes","cestode","typical",2,"gut","freshwater","fish","progenetic","Banesh"
"29","Cyprinus_carpio","carp","Archigetes sieboldi","Archigetes","cestode","typical",2,"gut","freshwater","fish","progenetic","Banesh"
"30","Cyprinus_carpio","carp","Atractolytocestus sagittatus","Atractolytocestus","cestode","typical",2,"gut","freshwater","fish","no","Banesh"
"31","Cyprinus_carpio","carp","Bothriocephalus acheilognathi","Bothriocephalus","cestode","typical",2,"gut","freshwater","fish","no","Banesh"
"32","Cyprinus_carpio","carp","Caryophyllaeus laticeps","Caryophyllaeus","cestode","typical",2,"gut","freshwater","fish","no","Banesh"
"33","Cyprinus_carpio","carp","Khawia japonensis","Khawia","cestode","typical",2,"gut","freshwater","fish","no","Banesh"
"34","Cyprinus_carpio","carp","Khawia sinensis","Khawia","cestode","typical",2,"gut","freshwater","fish","no","Banesh"
"35","Cyprinus_carpio","carp","Philometroides cyprini","Philometroides","nematode","typical",2,"subcutaneous","freshwater","fish","no","Banesh"
"36","Cyprinus_carpio","carp","Pomphorhynchus bulbocolli","Pomphorhynchus","acanthocephalan","typical",2,"gut","freshwater","fish","no","Banesh"
"37","Cyprinus_carpio","carp","Pseudocapillaria tomentosa","Pseudocapillaria","nematode","typical",2,"gut","freshwater","fish","no","Banesh"
"38","Esox_lucius","pike","Acanthocephalus lucii","Acanthocephalus","acanthocephalan","typical",2,"gut","freshwater","fish","no","Banesh"
"39","Esox_lucius","pike","Bothriocephalus cuspidatus","Bothriocephalus","cestode","atypical",2,"gut","freshwater","fish","no","Banesh"
"40","Esox_lucius","pike","Camallanus lacustris","Camallanus","nematode","typical",3,"gut","freshwater","fish","no","Banesh"
"41","Esox_lucius","pike","Echinorhynchus borealis","Echinorhynchus","acanthocephalan","atypical",2,"gut","freshwater","fish","no","Banesh"
"42","Esox_lucius","pike","Neoechinorhynchus cylindratus","Neoechinorhynchus","acanthocephalan","typical",3,"gut","freshwater","fish","no","Banesh"
"43","Esox_lucius","pike","Philometra obturans","Philometra","nematode","typical",3,"blood system; peritoneum; eyes","freshwater","fish","no","Banesh"
"44","Esox_lucius","pike","Raphidascaris acus","Raphidascaris","nematode","typical",4,"gut","freshwater","fish","no","Banesh"
"45","Esox_lucius","pike","Triaenophorus crassus","Triaenophorus","cestode","typical",3,"gut","freshwater","fish","no","Banesh"
"46","Esox_lucius","pike","Triaenophorus nodulosus","Triaenophorus","cestode","typical",3,"gut","freshwater","fish","no","Banesh"
"47","Passer_domesticus","house sparrow","Acuaria subula","Acuaria","nematode","typical",2,"gizzard","terrestrial","bird","no","Banesh"
"48","Passer_domesticus","house sparrow","Microtetrameres inermis","Microtetrameres","nematode","typical",2,"proventriculus","terrestrial","bird","no","Banesh"
"49","Passer_domesticus","house sparrow","Oxyspirura mansoni","Oxyspirura","nematode","typical",2,"eyes; nasal passage","terrestrial","bird","no","Banesh"
"50","Passer_domesticus","house sparrow","Porrocaecum ensicaudatum","Porrocaecum","nematode","atypical",2,"gut","terrestrial","bird","no","Banesh"
"51","Mustela_erminea","short-tailed weasel","Aelurostrongylus pridhami","Aelurostrongylus","nematode","typical",3,"lungs","terrestrial","mammal","no","Banesh"
"52","Mustela_erminea","stoat","Aonchotheca putorii","Aonchotheca","nematode","typical",2,"gut","terrestrial","mammal","no","Banesh"
"53","Mustela_erminea","stoat","Crenosoma petrowi","Crenosoma","nematode","typical",3,"lungs","terrestrial","mammal","no","Banesh"
"54","Mustela_erminea","short-tailed weasel","Dracunculus insignis","Dracunculus","nematode","atypical",3,"subcutaneous","terrestrial","mammal","no","Banesh"
"55","Mustela_erminea","stoat","Pearsonema mucronata","Pearsonema","nematode","typical",2,"urinary bladder","terrestrial","mammal","no","Banesh"
"56","Mustela_erminea","stoat","Skrjabingylus nasicola","Skrjabingylus","nematode","typical",3,"sinuses","terrestrial","mammal","no","Banesh"
"57","Mustela_erminea","stoat","Taenia martis","Taenia","cestode","typical",2,"gut","terrestrial","mammal","no","Banesh"
"58","Mustela_erminea","stoat","Taenia mustelae","Taenia","cestode","typical",2,"gut","terrestrial","mammal","no","Banesh"
"59","Anas_platyrhynchos","duck","Allodapa suctoria","Allodapa","nematode","atypical",2,"ceca","terrestrial","bird","no","Banesh"
"60","Anas_platyrhynchos","duck","Amidostomum acutum","Amidostomum","nematode","typical",1,"gizzard","freshwater","bird","no","Banesh"
"61","Anas_platyrhynchos","ducks","Amidostomum anseris","Amidostomum","nematode","atypical",1,"gizzard","freshwater","bird","no","Banesh"
"62","Anas_platyrhynchos","mallards","Aploparaksis furcigera","Aploparaksis","cestode","typical",2,"gut","terrestrial","bird","no","Banesh"
"63","Anas_platyrhynchos","duck","Avioserpens galliardi","Avioserpens","nematode","typical",3,"subcutaneous","freshwater","bird","no","Banesh"
"64","Anas_platyrhynchos","duck","Avioserpens mosgovoyi","Avioserpens","nematode","typical",3,"subcutaneous","freshwater","bird","no","Banesh"
"65","Anas_platyrhynchos","duck","Avioserpens taiwana","Avioserpens","nematode","typical",2,"subcutaneous","freshwater","bird","no","Banesh"
"66","Anas_platyrhynchos","duck","Capillaria anatis","Capillaria","nematode","typical",2,"gut","terrestrial","bird","no","Banesh"
"67","Anas_platyrhynchos","mallard","Cloacotaenia megalops","Cloacotaenia","cestode","typical",2,"gut","freshwater","bird","no","Banesh"
"68","Anas_platyrhynchos","ducks","Cyathostoma bronchialis","Cyathostoma","nematode","typical",2,"lungs","terrestrial","bird","no","Banesh"
"69","Anas_platyrhynchos","mallard","Dicranotaenia coronula","Dicranotaenia","cestode","typical",3,"gut","freshwater","bird","no","Banesh"
"70","Anas_platyrhynchos","mallard","Diorchis asiatica","Diorchis","cestode","typical",2,"gut","freshwater","bird","no","Banesh"
"71","Anas_platyrhynchos","mallard","Diorchis bulbodes","Diorchis","cestode","typical",2,"gut","freshwater","bird","no","Banesh"
"72","Anas_platyrhynchos","mallard","Diorchis nyrocae","Diorchis","cestode","typical",3,"gut","freshwater","bird","no","Banesh"
"73","Anas_platyrhynchos","mallard","Diorchis parvogenitalis","Diorchis","cestode","typical",2,"gut","freshwater","bird","no","Banesh"
"74","Anas_platyrhynchos","mallard","Diploposthe laevis","Diploposthe","cestode","typical",3,"gut","freshwater","bird","no","Banesh"
"75","Anas_platyrhynchos","mallard","Drepanidotaenia lanceolata","Drepanidotaenia","cestode","atypical",2,"gut","freshwater","bird","no","Banesh"
"76","Anas_platyrhynchos","mallards","Echinocotyle rosseteri","Echinocotyle","cestode","typical",3,"gut","freshwater","bird","no","Banesh"
"77","Anas_platyrhynchos","duck","Echinuria uncinata","Echinuria","nematode","typical",2,"proventriculus","freshwater","bird","no","Banesh"
"78","Anas_platyrhynchos","ducks","Epomidiostomum uncinatum","Epomidiostomum","nematode","typical",1,"gizzard","freshwater","bird","no","Banesh"
"79","Anas_platyrhynchos","duck","Eucoleus contortus","Eucoleus","nematode","typical",2,"esophagus; buccal cavity; stomach","terrestrial","bird","no","Banesh"
"80","Anas_platyrhynchos","duck","Eustrongylides excisus","Eustrongylides","nematode","atypical",3,"proventriculus","freshwater","bird","no","Banesh"
"81","Anas_platyrhynchos","duck","Eustrongylides ignotus","Eustrongylides","nematode","atypical",4,"proventriculus","freshwater","bird","no","Banesh"
"82","Anas_platyrhynchos","duck","Eustrongylides tubifex","Eustrongylides","nematode","atypical",4,"proventriculus","freshwater","bird","no","Banesh"
"83","Anas_platyrhynchos","duck","Filicollis anatis","Filicollis","acanthocephalan","typical",2,"gut","freshwater","bird","no","Banesh"
"84","Anas_platyrhynchos","mallard","Fimbriaria fasciolaris","Fimbriaria","cestode","typical",3,"gut","freshwater","bird","no","Banesh"
"85","Anas_platyrhynchos","duck","Gongylonema congolense","Gongylonema","nematode","atypical",2,"gut","terrestrial","bird","no","Banesh"
"86","Anas_platyrhynchos","mallards","Hymenolepis abortiva","Hymenolepis","cestode","typical",2,"gut","freshwater","bird","no","Banesh"
"87","Anas_platyrhynchos","mallard","Hymenolepis tenerrima","Hymenolepis","cestode","typical",2,"gut","freshwater","bird","no","Banesh"
"88","Anas_platyrhynchos","ducks","Hystrichis tricolor","Hystrichis","nematode","typical",2,"stomach","freshwater","bird","no","Banesh"
"89","Anas_platyrhynchos","mallard","Microsomacanthus compressa","Microsomacanthus","cestode","typical",3,"gut","freshwater","bird","no","Banesh"
"90","Anas_platyrhynchos","mallard","Microsomacanthus hopkinsi","Microsomacanthus","cestode","typical",2,"gut","freshwater","bird","no","Banesh"
"91","Anas_platyrhynchos","mallard","Microsomacanthus paracompressa","Microsomacanthus","cestode","typical",3,"gut","freshwater","bird","no","Banesh"
"92","Anas_platyrhynchos","mallard","Microsomacanthus paramicrosoma","Microsomacanthus","cestode","typical",3,"gut","freshwater","bird","no","Banesh"
"93","Anas_platyrhynchos","mallard","Microsomacanthus spiralibursata","Microsomacanthus","cestode","typical",3,"gut","freshwater","bird","no","Banesh"
"94","Anas_platyrhynchos","mallard","Platyscolex ciliata","Platyscolex","cestode","typical",2,"gut","freshwater","bird","no","Banesh"
"95","Anas_platyrhynchos","duck","Polymorphus contortus","Polymorphus","acanthocephalan","typical",2,"gut","freshwater","bird","no","Banesh"
"96","Anas_platyrhynchos","duck","Polymorphus marilis","Polymorphus","acanthocephalan","typical",2,"gut","freshwater","bird","no","Banesh"
"97","Anas_platyrhynchos","duck","Polymorphus minutus","Polymorphus","acanthocephalan","typical",2,"gut","freshwater","bird","no","Banesh"
"98","Anas_platyrhynchos","duck","Polymorphus paradoxus","Polymorphus","acanthocephalan","atypical",2,"gut","freshwater","bird","no","Banesh"
"99","Anas_platyrhynchos","ducks","Porrocaecum crassum","Porrocaecum","nematode","typical",2,"gut","freshwater","bird","no","Banesh"
"100","Anas_platyrhynchos","duck","Pseudocorynosoma constrictum","Pseudocorynosoma","acanthocephalan","typical",2,"gut","freshwater","bird","no","Banesh"
"101","Anas_platyrhynchos","mallards","Retinometra venusta","Retinometra","cestode","typical",2,"gut","freshwater","bird","no","Banesh"
"102","Anas_platyrhynchos","mallard","Schistocephalus solidus","Schistocephalus","cestode","atypical",3,"gut","freshwater","bird","no","Banesh"
"103","Anas_platyrhynchos","mallard","Sobolevicanthus gracilis","Sobolevicanthus","cestode","typical",3,"gut","freshwater","bird","no","Banesh"
"104","Anas_platyrhynchos","mallard","Sobolevicanthus krabbeella","Sobolevicanthus","cestode","typical",2,"gut","freshwater","bird","no","Banesh"
"105","Anas_platyrhynchos","duck","Sobolevicanthus octacantha","Sobolevicanthus","cestode","typical",3,"gut","freshwater","bird","no","Banesh"
"106","Anas_platyrhynchos","duck","Streptocara crassicauda","Streptocara","nematode","typical",3,"gizzard","freshwater","bird","no","Banesh"
"107","Anas_platyrhynchos","duck","Tetrameres crami","Tetrameres","nematode","typical",2,"proventriculus","freshwater","bird","no","Banesh"
"108","Anas_platyrhynchos","duck","Tetrameres fissispina","Tetrameres","nematode","typical",2,"proventriculus","freshwater","bird","no","Banesh"
"109","Anas_platyrhynchos","mallards","Tschertkovilepis setigera","Tschertkovilepis","cestode","typical",2,"gut","freshwater","bird","no","Banesh"
"110","Anser_anser","greylag goose","Amidostomum anseris","Amidostomum","nematode","typical",1,"gizzard","freshwater","bird","no","Banesh"
"111","Anser_anser","greylag goose","Capillaria anatis","Capillaria","nematode","typical",2,"gut","terrestrial","bird","no","Banesh"
"112","Anser_anser","grey goose","Cyathostoma bronchialis","Cyathostoma","nematode","typical",2,"lungs","terrestrial","bird","no","Banesh"
"113","Anser_anser","greylag goose","Dicranotaenia coronula","Dicranotaenia","cestode","typical",3,"gut","freshwater","bird","no","Banesh"
"114","Anser_anser","greylag goose","Drepanidotaenia lanceolata","Drepanidotaenia","cestode","typical",2,"gut","freshwater","bird","no","Banesh"
"115","Anser_anser","goose","Syngamus trachea","Syngamus","nematode","typical",2,"lungs","terrestrial","bird","no","Banesh"
"116","Anser_anser","goose","Tschertkovilepis setigera","Tschertkovilepis","cestode","typical",2,"gut","freshwater","bird","no","Banesh"
"117","Physeter_macrocephalus","sperm whale","Anisakis physeteris","Anisakis","nematode","typical",4,"stomach","marine","mammal","no","Banesh"
"118","Cervus_elaphus","red deer","Aonchotheca bovis","Aonchotheca","nematode","typical",1,"gut","terrestrial","mammal","no","Banesh"
"119","Cervus_elaphus","red deer","Dictyocaulus eckerti","Dictyocaulus","nematode","typical",1,"lungs","terrestrial","mammal","no","Banesh"
"120","Cervus_elaphus","red deer","Dictyocaulus viviparus","Dictyocaulus","nematode","atypical",1,"lungs","terrestrial","mammal","no","Banesh"
"121","Cervus_elaphus","red deer","Elaphostrongylus cervi","Elaphostrongylus","nematode","typical",2,"skeletal muscles; brain","terrestrial","mammal","no","Banesh"
"122","Cervus_elaphus","red deer","Parelaphostrongylus tenuis","Parelaphostrongylus","nematode","atypical",2,"brain","terrestrial","mammal","no","Banesh"
"123","Cervus_elaphus","red deer","Varestrongylus sagittatus","Varestrongylus","nematode","typical",2,"lungs","terrestrial","mammal","no","Banesh"
"124","Martes_pennanti","fisher","Aonchotheca putorii","Aonchotheca","nematode","typical",2,"gut","terrestrial","mammal","no","Banesh"
"125","Martes_pennanti","fisher","Baylisascaris devosi","Baylisascaris","nematode","typical",2,"gut","terrestrial","mammal","no","Banesh"
"126","Martes_pennanti","fisher","Trilobostrongylus bioccai","Trilobostrongylus","nematode","typical",3,"lungs","terrestrial","mammal","no","Banesh"
"127","Rangifer_tarandus","reindeer","Avitellina arctica","Avitellina","cestode","typical",2,"gut","terrestrial","mammal","no","Banesh"
"128","Rangifer_tarandus","reindeer","Elaphostrongylus alces","Elaphostrongylus","nematode","atypical",2,"central nervous system (spine) or muscles","terrestrial","mammal","no","Banesh"
"129","Rangifer_tarandus","reindeer","Elaphostrongylus rangiferi","Elaphostrongylus","nematode","typical",2,"skeletal muscles; brain","terrestrial","mammal","no","Banesh"
"130","Rangifer_tarandus","reindeer","Moniezia benedeni","Moniezia","cestode","typical",2,"gut","terrestrial","mammal","no","Banesh"
"131","Rangifer_tarandus","reindeer","Parelaphostrongylus andersoni","Parelaphostrongylus","nematode","typical",2,"skeletal muscles","terrestrial","mammal","no","Banesh"
"132","Rangifer_tarandus","caribou","Parelaphostrongylus odocoilei","Parelaphostrongylus","nematode","typical",2,"skeletal muscles","terrestrial","mammal","no","Banesh"
"133","Rangifer_tarandus","reindeer","Parelaphostrongylus tenuis","Parelaphostrongylus","nematode","atypical",2,"brain","terrestrial","mammal","no","Banesh"
"134","Rangifer_tarandus","reindeer","Varestrongylus eleguneniensis","Varestrongylus","nematode","typical",2,"lungs","terrestrial","mammal","no","Banesh"
"135","Ursus_americanus","black bear","Baylisascaris transfuga","Baylisascaris","nematode","typical",2,"gut","terrestrial","mammal","no","Banesh"
"136","Ursus_americanus","black bear","Crenosoma petrowi","Crenosoma","nematode","typical",3,"lungs","terrestrial","mammal","no","Banesh"
"137","Ursus_americanus","black bear","Crenosoma vulpis","Crenosoma","nematode","atypical",2,"lungs","terrestrial","mammal","no","Banesh"
"138","Ursus_americanus","black bear","Diphyllobothrium dendriticum","Diphyllobothrium","cestode","atypical",4,"gut","terrestrial","mammal","no","Banesh"
"139","Ursus_americanus","black bear","Macracanthorhynchus ingens","Macracanthorhynchus","acanthocephalan","atypical",3,"gut","terrestrial","mammal","no","Banesh"
"140","Ursus_maritimus","polar bear","Baylisascaris transfuga","Baylisascaris","nematode","typical",2,"gut","terrestrial","mammal","no","Banesh"
"141","Macaca_mulatta","rhesus macaque","Bertiella studeri","Bertiella","cestode","typical",2,"gut","terrestrial","mammal","no","Banesh"
"142","Macaca_mulatta","rhesus macaque","Dracunculus medinensis","Dracunculus","nematode","typical",2,"subcutaneous","terrestrial","mammal","no","Banesh"
"143","Macaca_mulatta","rhesus monkey","Oesophagostomum bifurcum","Oesophagostomum","nematode","typical",1,"gut","terrestrial","mammal","no","Banesh"
"144","Pan_troglodytes","chimpanzee","Bertiella studeri","Bertiella","cestode","typical",2,"gut","terrestrial","mammal","no","Banesh"
"145","Pan_troglodytes","chimpanzee","Protospirura muricola","Protospirura","nematode","atypical",2,"stomach","terrestrial","mammal","no","Banesh"
"146","Pan_troglodytes","chimpanzee","Trichuris trichiura","Trichuris","nematode","typical",1,"gut","terrestrial","mammal","no","Banesh"
"147","Haliaeetus_albicilla","sea eagle","Centrorhynchus aluconis","Centrorhynchus","acanthocephalan","typical",3,"gut","terrestrial","mammal","no","Banesh"
"148","Milvus_migrans","raptor (kite)","Centrorhynchus milvus","Centrorhynchus","acanthocephalan","typical",3,"gut","terrestrial","bird","no","Banesh"
"149","Milvus_migrans","blake kite","Cyrnea mansioni","Cyrnea","nematode","typical",3,"stomach","terrestrial","bird","no","Banesh"
"150","Milvus_migrans","black kite","Porrocaecum angusticolle","Porrocaecum","nematode","typical",3,"gut","terrestrial","bird","no","Banesh"
"151","Bonasa_umbellus","ruffed grouse","Cheilospirura spinosa","Cheilospirura","nematode","typical",2,"gizzard","terrestrial","bird","no","Banesh"
"152","Bonasa_umbellus","ruffed grouse","Davainea tetraoensis","Davainea","cestode","typical",2,"gut","terrestrial","bird","no","Banesh"
"153","Bonasa_umbellus","ruffed grouse","Dispharynx nasuta","Dispharynx","nematode","typical",2,"proventriculus","terrestrial","bird","no","Banesh"
"154","Falco_peregrinus","peregrine falcon","Cladotaenia circi","Cladotaenia","cestode","typical",2,"gut","terrestrial","bird","no","Banesh"
"155","Falco_peregrinus","peregrine falcon","Serratospiculum tendo","Serratospiculum","nematode","typical",2,"air sacs","terrestrial","bird","no","Banesh"
"156","Pernis_apivorus","european honey buzzard","Cladotaenia globifera","Cladotaenia","cestode","typical",2,"gut","terrestrial","bird","no","Banesh"
"157","Pernis_apivorus","pern","Porrocaecum angusticolle","Porrocaecum","nematode","typical",3,"gut","terrestrial","bird","no","Banesh"
"158","Isurus_oxyrinchus","shortfin mako shark","Clistobothrium cf. montaukensis","Clistobothrium","cestode","typical",3,"gut","marine","fish","no","Banesh"
"159","Anas_fulvigula","mottled duck","Cloacotaenia megalops","Cloacotaenia","cestode","typical",2,"gut","freshwater","bird","no","Banesh"
"160","Anas_fulvigula","mottled duck","Dicranotaenia coronula","Dicranotaenia","cestode","typical",3,"gut","freshwater","bird","no","Banesh"
"161","Anas_fulvigula","mottled duck","Diorchis bulbodes","Diorchis","cestode","typical",2,"gut","freshwater","bird","no","Banesh"
"162","Anas_fulvigula","mottled duck","Diploposthe laevis","Diploposthe","cestode","typical",3,"gut","freshwater","bird","no","Banesh"
"163","Anas_fulvigula","mottled duck","Echinocotyle rosseteri","Echinocotyle","cestode","typical",3,"gut","freshwater","bird","no","Banesh"
"164","Anas_fulvigula","mottled duck","Fimbriaria fasciolaris","Fimbriaria","cestode","typical",3,"gut","freshwater","bird","no","Banesh"
"165","Anas_fulvigula","mottled duck","Microsomacanthus compressa","Microsomacanthus","cestode","typical",3,"gut","freshwater","bird","no","Banesh"
"166","Anas_fulvigula","mottled duck","Microsomacanthus hopkinsi","Microsomacanthus","cestode","typical",2,"gut","freshwater","bird","no","Banesh"
"167","Anas_fulvigula","mottled duck","Platyscolex ciliata","Platyscolex","cestode","typical",2,"gut","freshwater","bird","no","Banesh"
"168","Anas_fulvigula","mottled duck","Sobolevicanthus gracilis","Sobolevicanthus","cestode","typical",3,"gut","freshwater","bird","no","Banesh"
"169","Phalacrocorax_auritus","double-crested cormorant","Contracaecum multipapillatum","Contracaecum","nematode","typical",4,"stomach","marine","bird","no","Banesh"
"170","Phalacrocorax_auritus","double-crested cormorant","Contracaecum rudolphii","Contracaecum","nematode","typical",3,"stomach","freshwater","bird","no","Banesh"
"171","Phalacrocorax_auritus","double-crested cormorant","Cyclustera ibisae","Cyclustera","cestode","typical",3,"gut","freshwater","bird","no","Banesh"
"172","Phalacrocorax_auritus","double-crested cormorant","Ligula intestinalis","Ligula","cestode","typical",3,"gut","freshwater","bird","no","Banesh"
"173","Phalacrocorax_auritus","double-crested cormorant","Paradilepis caballeroi","Paradilepis","cestode","typical",3,"gut","freshwater","bird","no","Banesh"
"174","Phalacrocorax_auritus","double-crested cormorant","Schistocephalus solidus","Schistocephalus","cestode","typical",3,"gut","freshwater","bird","no","Banesh"
"175","Phalacrocorax_auritus","double-crested cormorant","Southwellina hispida","Southwellina","acanthocephalan","typical",3,"gut","marine","bird","no","Banesh"
"176","Phalacrocorax_auritus","double-crested cormorant","Syncuaria squamata","Syncuaria","nematode","typical",3,"gizzard","freshwater","bird","no","Banesh"
"177","Mirounga_leonina","southern elephant seal","Contracaecum ogmorhini s.s.","Contracaecum","nematode","typical",4,"stomach","marine","mammal","no","Banesh"
"178","Mirounga_leonina","southern elephant seal","Corynosoma bullosum","Corynosoma","acanthocephalan","typical",3,"gut","marine","mammal","no","Banesh"
"179","Thalassarche_melanophris","black-browed albatross","Contracaecum pelagicum","Contracaecum","nematode","typical",3,"stomach","marine","bird","no","Banesh"
"180","Arctocephalus_australis","southern fur seal","Corynosoma australe","Corynosoma","acanthocephalan","typical",3,"gut","marine","mammal","no","Banesh"
"181","Arctocephalus_australis","south american fur seal","Pseudoterranova cattani","Pseudoterranova","nematode","typical",5,"stomach","marine","mammal","no","Banesh"
"182","Canis_lupus","gray wolf","Crenosoma vulpis","Crenosoma","nematode","typical",2,"lungs","terrestrial","mammal","no","Banesh"
"183","Canis_lupus","wolf","Dioctophyma renale","Dioctophyma","nematode","typical",3,"kidneys","terrestrial","mammal","no","Banesh"
"184","Canis_lupus","gray wolf","Dipylidium caninum","Dipylidium","cestode","typical",2,"gut","terrestrial","mammal","no","Banesh"
"185","Canis_lupus","gray wolf","Echinococcus borealis","Echinococcus","cestode","typical",2,"gut","terrestrial","mammal","no","Banesh"
"186","Canis_lupus","gray wolf","Echinococcus canadensis","Echinococcus","cestode","typical",2,"gut","terrestrial","mammal","no","Banesh"
"187","Canis_lupus","gray wolf","Echinococcus multilocularis","Echinococcus","cestode","typical",2,"gut","terrestrial","mammal","no","Banesh"
"188","Canis_lupus","wolf","Eucoleus aerophilus","Eucoleus","nematode","typical",2,"lungs","terrestrial","mammal","no","Banesh"
"189","Canis_lupus","gray wolf","Joyeuxiella pasqualei","Joyeuxiella","cestode","typical",3,"gut","terrestrial","mammal","no","Banesh"
"190","Canis_lupus","gray wolf","Macracanthorhynchus catulinus","Macracanthorhynchus","acanthocephalan","typical",3,"gut","terrestrial","mammal","no","Banesh"
"191","Canis_lupus","wolf","Oslerus osleri","Oslerus","nematode","typical",1,"lungs","terrestrial","mammal","no","Banesh"
"192","Canis_lupus","wolf","Pearsonema plica","Pearsonema","nematode","typical",2,"urinary bladder","terrestrial","mammal","no","Banesh"
"193","Canis_lupus","gray wolf","Taenia crassiceps","Taenia","cestode","typical",2,"gut","terrestrial","mammal","no","Banesh"
"194","Canis_lupus","gray wolf","Taenia hydatigena","Taenia","cestode","typical",2,"gut","terrestrial","mammal","no","Banesh"
"195","Canis_lupus","gray wolf","Taenia laticollis","Taenia","cestode","atypical",2,"gut","terrestrial","mammal","no","Banesh"
"196","Canis_lupus","gray wolf","Taenia multiceps","Taenia","cestode","typical",2,"gut","terrestrial","mammal","no","Banesh"
"197","Canis_lupus","gray wolf","Taenia ovis/krabbei","Taenia","cestode","typical",2,"gut","terrestrial","mammal","no","Banesh"
"198","Canis_lupus","gray wolf","Taenia parenchymatosa","Taenia","cestode","typical",2,"gut","terrestrial","mammal","no","Banesh"
"199","Canis_lupus","gray wolf","Taenia pisiformis","Taenia","cestode","typical",2,"gut","terrestrial","mammal","no","Banesh"
"200","Canis_lupus","gray wolf","Taenia serialis","Taenia","cestode","typical",2,"gut","terrestrial","mammal","no","Banesh"
"201","Canis_lupus","wolf","Toxascaris leonina","Toxascaris","nematode","typical",2,"gut","terrestrial","mammal","no","Banesh"
"202","Canis_lupus","gray wolf","Toxocara canis","Toxocara","nematode","typical",2,"gut","terrestrial","mammal","no","Banesh"
"203","Oncorhynchus_tshawytscha","chinook salmon","Cystidicola farionis","Cystidicola","nematode","typical",2,"swim bladder","freshwater","fish","no","Banesh"
"204","Oncorhynchus_tshawytscha","chinook salmon","Echinorhynchus salmonis","Echinorhynchus","acanthocephalan","typical",3,"gut","freshwater","fish","postcyclic","Banesh"
"205","Alces_alces","moose","Dictyocaulus eckerti","Dictyocaulus","nematode","typical",1,"lungs","terrestrial","mammal","no","Banesh"
"206","Alces_alces","moose","Elaphostrongylus alces","Elaphostrongylus","nematode","typical",2,"central nervous system (spine) or muscles","terrestrial","mammal","no","Banesh"
"207","Alces_alces","moose","Elaphostrongylus rangiferi","Elaphostrongylus","nematode","atypical",2,"skeletal muscles; brain","terrestrial","mammal","no","Banesh"
"208","Alces_alces","moose","Moniezia expansa","Moniezia","cestode","typical",2,"gut","terrestrial","mammal","no","Banesh"
"209","Alces_alces","moose","Parelaphostrongylus odocoilei","Parelaphostrongylus","nematode","typical",2,"skeletal muscles","terrestrial","mammal","no","Banesh"
"210","Alces_alces","moose","Parelaphostrongylus tenuis","Parelaphostrongylus","nematode","atypical",2,"brain","terrestrial","mammal","no","Banesh"
"211","Sterna_hirundo","tern","Diphyllobothrium dendriticum","Diphyllobothrium","cestode","atypical",4,"gut","freshwater","bird","no","Banesh"
"212","Gavia_immer","loon","Diphyllobothrium ditremum","Diphyllobothrium","cestode","typical",4,"gut","freshwater","bird","no","Banesh"
"213","Gavia_immer","loon","Eustrongylides tubifex","Eustrongylides","nematode","typical",4,"proventriculus","freshwater","bird","no","Banesh"
"214","Chelydra_serpentina","snapping turtle","Dracunculus globocephalus","Dracunculus","nematode","typical",3,"mesentery","terrestrial","herp","no","Banesh"
"215","Chelydra_serpentina","snapping turtle","Spiroxys contortus","Spiroxys","nematode","typical",3,"stomach","freshwater","herp","no","Banesh"
"216","Chen_caerulescens","snow goose","Drepanidotaenia lanceolata","Drepanidotaenia","cestode","typical",2,"gut","freshwater","bird","no","Banesh"
"217","Chen_caerulescens","snow geese","Platyscolex ciliata","Platyscolex","cestode","typical",2,"gut","freshwater","bird","no","Banesh"
"218","Chen_caerulescens","snow geese","Sobolevicanthus gracilis","Sobolevicanthus","cestode","typical",3,"gut","freshwater","bird","no","Banesh"
"219","Chen_caerulescens","greater snow goose","Tschertkovilepis setigera","Tschertkovilepis","cestode","typical",2,"gut","freshwater","bird","no","Banesh"
"220","Panthera_pardus","leopard","Gnathostoma spinigerum","Gnathostoma","nematode","typical",4,"stomach","terrestrial","mammal","no","Banesh"
"221","Panthera_pardus","leopard","Taenia acinonyxi","Taenia","cestode","typical",2,"gut","terrestrial","mammal","no","Banesh"
"222","Panthera_pardus","leopard","Taenia regis","Taenia","cestode","typical",2,"gut","terrestrial","mammal","no","Banesh"
"223","Odocoileus_virginianus","white-tailed deer","Haemonchus contortus","Haemonchus","nematode","typical",1,"gut","terrestrial","mammal","no","Banesh"
"224","Odocoileus_virginianus","white-tailed deer","Parelaphostrongylus andersoni","Parelaphostrongylus","nematode","typical",2,"skeletal muscles","terrestrial","mammal","no","Banesh"
"225","Odocoileus_virginianus","white-tailed deer","Parelaphostrongylus tenuis","Parelaphostrongylus","nematode","typical",2,"brain","terrestrial","mammal","no","Banesh"
"226","Odocoileus_virginianus","white-tailed deer","Varestrongylus alpenae","Varestrongylus","nematode","typical",2,"lungs","terrestrial","mammal","no","Banesh"
"227","Vipera_aspis","asp","Hexametra quadricornis","Hexametra","nematode","typical",2,"gut","terrestrial","herp","no","Banesh"
"228","Genypterus_blacodes","pink cusk eel","Hysterothylacium aduncum","Hysterothylacium","nematode","typical",3,"gut","marine","fish","no","Banesh"
"229","Macropus_eugenii","tammar wallaby","Labiostrongylus eugenii","Labiostrongylus","nematode","typical",1,"stomach","terrestrial","mammal","no","Banesh"
"230","Urocyon_littoralis","island fox","Mesocestoides corti/variabilis/vogae","Mesocestoides","cestode","typical",3,"gut","terrestrial","mammal","no","Banesh"
"231","Ovis_canadensis","bighorn sheep","Moniezia expansa","Moniezia","cestode","typical",2,"gut","terrestrial","mammal","no","Banesh"
"232","Ovis_canadensis","bighorn sheep","Protostrongylus stilesi/rushi","Protostrongylus","nematode","typical",2,"lungs","terrestrial","mammal","no","Banesh"
"233","Ovis_canadensis","bighorn sheep","Skrjabinema ovis","Skrjabinema","nematode","typical",1,"gut","terrestrial","mammal","no","Banesh"
"234","Sceloporus_grammicus","mesquite lizard","Oochoristica scelopori","Oochoristica","cestode","typical",2,"gut","terrestrial","herp","no","Banesh"
"235","Cryptophis_nigrescens","elapid snake","Ophidascaris pyrrhus","Ophidascaris","nematode","typical",2,"gut","terrestrial","herp","no","Banesh"
"236","Hoplocephalus_bungaroides","broad-headed snake","Ophidascaris pyrrhus","Ophidascaris","nematode","typical",2,"gut","terrestrial","herp","no","Banesh"
"237","Zalophus_californianus","california sea lion","Parafilaroides decorus","Parafilaroides","nematode","typical",2,"lungs","marine","mammal","no","Banesh"
"238","Strix_occidentalis","spotted owl","Paruterina rauschi","Paruterina","cestode","typical",2,"gut","terrestrial","bird","no","Banesh"
"239","Lagopus_muta","rock ptarmigan","Passerilepis serpentulus","Passerilepis","cestode","typical",2,"gut","terrestrial","bird","no","Banesh"
"240","Lagopus_muta","rock ptarmigan","Trichostrongylus tenuis","Trichostrongylus","nematode","typical",1,"gut","terrestrial","mammal","no","Banesh"
"241","Cebus_capucinus","white-headed capuchin","Protospirura muricola","Protospirura","nematode","atypical",2,"stomach","terrestrial","mammal","no","Banesh"
"242","Lontra_canadensis","otter","Skrjabingylus lutrae","Skrjabingylus","nematode","typical",3,"sinuses","freshwater","mammal","no","Banesh"
"243","Phrynosoma_cornutum","texas horned lizard","Skrjabinoptera phrynosoma","Skrjabinoptera","nematode","typical",2,"stomach","terrestrial","herp","no","Banesh"
"244","Chrysemys_picta","painted turtle","Spiroxys contortus","Spiroxys","nematode","typical",3,"stomach","freshwater","herp","no","Banesh"
